{
  "exp_name": "no_feats",
  "seed": 42,
  "best": {
    "acc": 0.8383233532934131,
    "macro_f1": 0.7917128603104213,
    "micro_f1": 0.8383233532934131,
    "mcc": 0.5942658762613633,
    "real_precision": 0.6161616161616161,
    "real_recall": 0.7922077922077922,
    "real_f1": 0.6931818181818182,
    "fake_precision": 0.9319148936170213,
    "fake_recall": 0.8521400778210116,
    "fake_f1": 0.8902439024390244,
    "classification_report": {
      "Real": {
        "precision": 0.6161616161616161,
        "recall": 0.7922077922077922,
        "f1-score": 0.6931818181818182,
        "support": 231.0
      },
      "Fake": {
        "precision": 0.9319148936170213,
        "recall": 0.8521400778210116,
        "f1-score": 0.8902439024390244,
        "support": 771.0
      },
      "accuracy": 0.8383233532934131,
      "macro avg": {
        "precision": 0.7740382548893188,
        "recall": 0.822173935014402,
        "f1-score": 0.7917128603104213,
        "support": 1002.0
      },
      "weighted avg": {
        "precision": 0.8591214733653261,
        "recall": 0.8383233532934131,
        "f1-score": 0.8448134219366146,
        "support": 1002.0
      }
    },
    "best_epoch": 19,
    "best_loss": 0.019154591927035076
  }
}