{
  "exp_name": "no_feats",
  "seed": 42,
  "macro_f1": 0.7917128603104213,
  "micro_f1": 0.8383233532934131,
  "real_precision": 0.6161616161616161,
  "real_recall": 0.7922077922077922,
  "real_f1": 0.6931818181818182,
  "fake_precision": 0.9319148936170213,
  "fake_recall": 0.8521400778210116,
  "fake_f1": 0.8902439024390244,
  "mcc": 0.5942658762613633
}