{
  "acc": 0.8942115768463074,
  "macro_f1": 0.8509104384590767,
  "micro_f1": 0.8942115768463074,
  "mcc": 0.7018208769181532,
  "real_precision": 0.7705627705627706,
  "real_recall": 0.7705627705627706,
  "real_f1": 0.7705627705627706,
  "fake_precision": 0.9312581063553826,
  "fake_recall": 0.9312581063553826,
  "fake_f1": 0.9312581063553826,
  "classification_report": {
    "Real": {
      "precision": 0.7705627705627706,
      "recall": 0.7705627705627706,
      "f1-score": 0.7705627705627706,
      "support": 231.0
    },
    "Fake": {
      "precision": 0.9312581063553826,
      "recall": 0.9312581063553826,
      "f1-score": 0.9312581063553826,
      "support": 771.0
    },
    "accuracy": 0.8942115768463074,
    "macro avg": {
      "precision": 0.8509104384590767,
      "recall": 0.8509104384590767,
      "f1-score": 0.8509104384590767,
      "support": 1002.0
    },
    "weighted avg": {
      "precision": 0.8942115768463074,
      "recall": 0.8942115768463074,
      "f1-score": 0.8942115768463074,
      "support": 1002.0
    }
  }
}