{
  "exp_name": "no_tfidf",
  "seed": 42,
  "best": {
    "acc": 0.8892215568862275,
    "macro_f1": 0.8459620825906491,
    "micro_f1": 0.8892215568862275,
    "mcc": 0.6921746504534586,
    "real_precision": 0.75,
    "real_recall": 0.7792207792207793,
    "real_f1": 0.7643312101910829,
    "fake_precision": 0.9330708661417323,
    "fake_recall": 0.9221789883268483,
    "fake_f1": 0.9275929549902152,
    "classification_report": {
      "Real": {
        "precision": 0.75,
        "recall": 0.7792207792207793,
        "f1-score": 0.7643312101910829,
        "support": 231.0
      },
      "Fake": {
        "precision": 0.9330708661417323,
        "recall": 0.9221789883268483,
        "f1-score": 0.9275929549902152,
        "support": 771.0
      },
      "accuracy": 0.8892215568862275,
      "macro avg": {
        "precision": 0.8415354330708662,
        "recall": 0.8506998837738138,
        "f1-score": 0.8459620825906491,
        "support": 1002.0
      },
      "weighted avg": {
        "precision": 0.890865905983309,
        "recall": 0.8892215568862275,
        "f1-score": 0.8899547683149661,
        "support": 1002.0
      }
    },
    "best_epoch": 20,
    "best_loss": 0.02437576809242028
  }
}