{
  "exp_name": "no_tfidf",
  "seed": 42,
  "macro_f1": 0.8459620825906491,
  "micro_f1": 0.8892215568862275,
  "real_precision": 0.75,
  "real_recall": 0.7792207792207793,
  "real_f1": 0.7643312101910829,
  "fake_precision": 0.9330708661417323,
  "fake_recall": 0.9221789883268483,
  "fake_f1": 0.9275929549902152,
  "mcc": 0.6921746504534586
}