{
  "exp_name": "no_ce",
  "macro_f1_avg": 0.8109472455427132,
  "micro_f1_avg": 0.8612774451097804,
  "real_precision_avg": 0.6811023622047244,
  "real_recall_avg": 0.7489177489177489,
  "real_f1_avg": 0.7134020618556701,
  "fake_precision_avg": 0.9224598930481284,
  "fake_recall_avg": 0.8949416342412452,
  "fake_f1_avg": 0.9084924292297564,
  "mcc_avg": 0.6233852912646826
}