{
  "exp_name": "no_ee",
  "seed": 42,
  "best": {
    "acc": 0.8782435129740519,
    "macro_f1": 0.8370053920862733,
    "micro_f1": 0.8782435129740519,
    "mcc": 0.6777050282878236,
    "real_precision": 0.704119850187266,
    "real_recall": 0.8138528138528138,
    "real_f1": 0.7550200803212851,
    "fake_precision": 0.9414965986394558,
    "fake_recall": 0.8975356679636836,
    "fake_f1": 0.9189907038512616,
    "classification_report": {
      "Real": {
        "precision": 0.704119850187266,
        "recall": 0.8138528138528138,
        "f1-score": 0.7550200803212851,
        "support": 231.0
      },
      "Fake": {
        "precision": 0.9414965986394558,
        "recall": 0.8975356679636836,
        "f1-score": 0.9189907038512616,
        "support": 771.0
      },
      "accuracy": 0.8782435129740519,
      "macro avg": {
        "precision": 0.8228082244133609,
        "recall": 0.8556942409082486,
        "f1-score": 0.8370053920862733,
        "support": 1002.0
      },
      "weighted avg": {
        "precision": 0.8867720189064658,
        "recall": 0.8782435129740519,
        "f1-score": 0.8811890930374646,
        "support": 1002.0
      }
    },
    "best_epoch": 20,
    "best_loss": 0.013101671614946561
  }
}