{
  "exp_name": "no_ce",
  "seed": 42,
  "best": {
    "acc": 0.8612774451097804,
    "macro_f1": 0.8109472455427132,
    "micro_f1": 0.8612774451097804,
    "mcc": 0.6233852912646826,
    "real_precision": 0.6811023622047244,
    "real_recall": 0.7489177489177489,
    "real_f1": 0.7134020618556701,
    "fake_precision": 0.9224598930481284,
    "fake_recall": 0.8949416342412452,
    "fake_f1": 0.9084924292297564,
    "classification_report": {
      "Real": {
        "precision": 0.6811023622047244,
        "recall": 0.7489177489177489,
        "f1-score": 0.7134020618556701,
        "support": 231.0
      },
      "Fake": {
        "precision": 0.9224598930481284,
        "recall": 0.8949416342412452,
        "f1-score": 0.9084924292297564,
        "support": 771.0
      },
      "accuracy": 0.8612774451097804,
      "macro avg": {
        "precision": 0.8017811276264264,
        "recall": 0.821929691579497,
        "f1-score": 0.8109472455427132,
        "support": 1002.0
      },
      "weighted avg": {
        "precision": 0.8668175880333316,
        "recall": 0.8612774451097804,
        "f1-score": 0.8635165062123772,
        "support": 1002.0
      }
    },
    "best_epoch": 20,
    "best_loss": 0.02436377908313824
  }
}