{
  "exp_name": "no_ce",
  "seed": 42,
  "macro_f1": 0.8109472455427132,
  "micro_f1": 0.8612774451097804,
  "real_precision": 0.6811023622047244,
  "real_recall": 0.7489177489177489,
  "real_f1": 0.7134020618556701,
  "fake_precision": 0.9224598930481284,
  "fake_recall": 0.8949416342412452,
  "fake_f1": 0.9084924292297564,
  "mcc": 0.6233852912646826
}